Lemmatized,Sentiment
Service friendly staff make us comfortable family stay Decoration hotel interest quite different hotel occupancy hotel ever Services relax spa experience Hotel locate close klcc walk rent buggy also interest experience Tip Puller Attention Sights select room face klcc interest view see night see light spill klcc,Positive
family stay one night find hotel much satisfaction near klcc allow family go enjoy lunch dinner ease book room face klcc give beautiful view especially sunset,Positive
Midsized room clean Good breakfast food options Places entertainment grind floor hotel Hard Rock Cafe Kuala Lumpur Menara Kuala Lumpur nearby Bukit Nenas Monorail Station m hotel,Positive
Hotel top shop Pavillion Lot suitable couple want go shop not feasible bring children due relatively small size room room layout water sink rather pelikSungguh good satisfactory service room full satisfy ask something treat well,Positive
comfortable accommodation penang hard rock comfortable room friendly staff beautiful scenery friendly pool children,Positive
Fantastic holiday clean large room swim pool beach concept also beautiful beach Kids love activities do especially pool slide backward food serve also delicious Adults listen tune musicians DJs hebatHarga room rather high not disappoint,Positive
star accommodation Staff great necessary amenities ideal location night market restaurant serve variety foods night life not bore live band atmosphere cool calm night perfect communities want stay hotel Prices reasonable accommodations accordance facilities service provide,Positive
comfortable close beach perfect whole family feel like rock star surround lead star,Positive
luxury hotel locate end pulaumakanan delicious breakfast enjoy Check check not tergesa not press chekout bertimbangrasamalam music light pretty much,Positive
stay please hotel atmosphere excite comfortable bathroom quite bite smaller facilities room wifi hifi membuagt also comfortable throughout stay,Positive
Hotels special amaze decor layout hotel lobby room view room beach beautiful pool beautiful spacious Overall satisfy price offer book experience not say Hard Rock Hotel Penang,Positive
satisfy service provide staff duty polite courteous room beautiful comfortable view also interest Kids also enjoy play pool aside mini waterslide Evening relax listen music vary breakfast meet taste definitely visit time stay room face blue lagoon pool return may call hard rock shop buy clothe stuff hard rock penang reminiscence,Positive
never go Penang first trip Penang drive expect stay safe attractive interior design reconcile despite middle city also look forward bright car park convenient secure walk family members women age frail Ive never stay hotel sunway heart say hotel meet criteria want Georgetown later true Sunway hotel meet hotel feature want Georgetown bustle city upon enter hotel felt busy place,Positive
room clean attractive design staff friendly efficient breakfast delicious spacious beautiful clean simple design attractive near shop complex staff efficient friendly internet access room,Positive
room clean comfortable friendly staff satisfy definitely come back clean comfortable,Positive
Hotel heart metropolitan traffic flow also quite crowd park situation somewhat limit due current renovation hotel provide beautiful comfortable room modify friendly staff,Positive
hotel close Penang Times Square night night market near hotel,Positive
nice hotel stay not vehicle hotel locate middle city readily accessible city taxis readily available front hotel lack locations difficult access limit park etc room breakfast location good,Positive
Exciting satisfy environment hotel Close outdoor game also,Positive
Relaxed satisfy hotel environment playgrounds,Positive
cold weather comfortable clean restrooms hear azan,Positive
Accommodation fun spacious expect give price,Positive
BIG PLACE NI balmy room DELICIOUS DELICIOUS FOOD pure LEISURE CENTRE BEST MALAYSIA KU beloved BUKIT GENTING HIGHLAND VIEW BEAUTIFUL FAMILY Play,Positive
comfortable perfect love excitement theme park,Positive
close outdoor theme park room quite comfortable,Positive
mild uncomfortable probably hotel locate highlands,Positive
Theme Park Hotel provide comfortable accommodation visitors want entertain hearts content outdoor theme park hotel right next playground term comfort hotel offer spacious comfortable enough However visitors walk bite along want indoor theme park hotel several restaurants automate teller machine,Positive
Good counter service fast spacious comfortable scenery beautiful night atmosphere calm cool,Positive
good experience stay chinese restaurant less prefer position prefer hotel convenient go lie tempatLayanan good fellow staff peramahBersih comfortable Overall ok Hotels good mereka want Genting Highland,Positive
make book Agoda room available short rest ketaman hotel adjacent theme stay park would close breakfast easy lobby area Time check easy quick still lssambnrada Genting theme park even shortstay holiday fun problem case menginapan surround areas good holiday,Positive
ACCOMMODATION LIKE WORTH SEEING COST PENGINAPANHOTEL NEAR THEME PARKS ALSO OUTDOOR PARKSERVICE COUNTER ALSO GOOD HOUSEKEEPING ALSO CLEAR MESRASIARAN TV BERSIHKAMI BATHROOM SATISFIED COME STAFF YG LAGITERIMA RAMAHSEMOGA KEEP PERFORMANCE ANDATERIMA,Positive
spacious room bed garden besarberdekatan cool permainancuaca ensuite bathroom luasanak happy children bilikkeluarga happy walk room satisfy,Positive
comfortable Living room quite spacious clean Genting View th floor beautiful,Positive
hotel best hotel far soul inimemenuhi requirements inibersebelahan theme park outdoorcukup mengkagumkantetapi hope television equip astro post like sport movie kartunini could not live watch television hope siaransaya also reduce price room charge rm hope hotel prepare breakfast honor hotel visitors theme park hotel may move forward future excellent service,Positive
not stand cold especially night early pagiTapi love Location locate build Gentingkaunter Theme Park ticket theme park locate entrance hotel lobby iniRuang selesaMudah eat buy general requirements Handphone Topup Card,Positive
satisfactory although old hotel build modern interior design make comfortable staff friendly quite helpful location close business office business near center local food,Positive
perfect live room cafe enough interest nearby shop complex restaurant public transport also readily available,Positive
room new clean location city center near shop store ipoh parade also close din place wong chicken rice sprout coffee shop Oldtown ipoh car park charge Security guard outside friendly staff service,Positive
Strategic position kemana din walk steel market hotels,Positive
service quite good satisfy carriage airport shuttle,Positive
satisfy stay Whats best location beach way public transport easily available many restaurants souvenir shop kiosks mall nearby Cenang highly recommend vacation alone couple family group,Positive
really beautiful scenery near beach front room comfortable room bath tub suit want honeymoon near shop complex walk alone underwaterworldmakanan yummy breakfast service not good close eateries walk je,Positive
Strategic easy us walk enjoy beauty Langkawi atmosphere romantic simple room honeymoon couple,Positive
hotels strategic position prefer stay seaside Simple hotel reasonable rat many restaurants food stall around hotel reach foot hotel also close Underwater World Langkawi However lobby hotel quite narrow cars not get shade bite problem get heavy rain rain bag,Positive
Extremely comfortable cozy attractive view din options close hotel,Positive
star Suitable medium budget travelers prefer beach breathe air location right front Pantai Cenang Serving breakfast simple less tasty entrails Glad get package island hop hotel lobby entertainment night row shop tourists shop halal outlets Muslim travelers,Positive
stay husband three small children active fun though less cold room ask help examine say slow airconditioner cool small number members fun interest beach activities view Bilk limit spend lot time beach wish bathroom great comfortable manage kid take bath whole good want relax holiday,Positive
Easy get grocery facility Easy breakfast Easy get Langkawi Airport Near please Resort locate beach Accommodation include breakfast lot breakfast Breakfast face towards direct beach Chenang dinner plenty place eat front Resort prefer bath beach encourage stay fun definitely not loss,Positive
room comfortable spacious available Conditions carpet room also clean well maintain Conditions front entrance lobby also please occupy broad near road lot stall sell variety items underwear shower shirt lagiYang interest step beach Pantai Cenang happily swim family,Positive
Strategic point locations shop provide car rental service give move location want Special treatment delivery service airport,Positive
Staff friendly clean hotel also great view swim,Positive
opinion service accommodation facilities top notch lodger stay mengahadapi problems park problem validate ticket Not happen also lodger also Hope hotel address problem thank,Negative
rd floor mother addition advantage something quite disturb music noise bar think night week turn next day loud music go since pm be disturb sleep relaxation time Unless intend joint bar probably ask room higher floor quieter,Negative
give room tower level end hallway much months pregnant child one year age disappoint room see construction site construction start be till night sound machinery workers fight uncomfortable children difficult sleep noise,Negative
price expensive uncomfortable room cleanliness lebih yet hotel use carpet floor danger people allergies,Negative
Losing two wed ring store bag place hand table hide place Bag shirt leave room housekeep room available diselongkar perhaps steal valuable items,Negative
stay nice room uncomfortable uneasy berbaupemandangan,Negative
satisfy hotel poor service counter counter lebih unfriendly service not smile woman pelangganStaff berkacamataSaya Malay ask change room not happy room could throw card front mate ask menjwb complacency smile hotel pelangganDiharap not put good halfstaff kaunterFirst World hotel international hotel hopefully YG Britain qualify staff serve counter,Negative
Breakfast expensive price arrogant workers park common susahcuma not worthwhile cause mahalkecuali price near Komtar plaza,Negative
pool not use cause son complain value add,Negative
comfortable hotel business daily work However less suitable family holiday,Negative
First want check inve get less friendly service staff hotel location cleanliness satisfactory Buffet breakfast disappoint,Negative
accommodation First World Hotel not major problems Room quite small comfortable air condition though Superior,Negative
peak Genting Hotel peaceful atmosphere natural beauty Service staff satisfactory location closest theme park easy commute reservations book pay high price set breakfast,Negative
beautiful perfect night hotel receptionist windows shop work status look another receptionist la misfit beautiful hotel,Negative
relaxation stay room lobby space less besarsarapan morning west serve attractive options outside crowd park provide hotel secure,Negative
Check quick easy free wifi room iron use room price expensive not suitable service hotels city Malacca much cheaper fast wifi free breakfast also large swim pool well comfortable overall not worth,Negative
Rooms ongoing maintenance Bath tubs clean maintain,Negative
breakfast food delicious not satisfactory tv remote control aircond unsatisfactory hot,Negative
location ideal tourists get variety amenities food entertainment Hotels vast sea According cost food friendly staff problems park even,Negative
Accommodation interest not take care facilities air conditioner loud leak,Negative
Theme park vicinity condo Package not include breakfast meals condo eat drink condo floor top water pressure bathroom not satisfactory large pantry NOT COOKING Overall satisfy good news kid,Negative
hotel room ok bite late checkin time pm Public park undernourish pretty much park space,Negative
bungalow spacious room bedrooms tv room Room kitchen live room design structure cause bungalows wide space small children play bungalow direct access pool easy family monitor children play pool bbq However water pool not change cause feel sort,Negative
Comfortable place service little slow night return sightsee door not open pm tell hotel take long time come open door minutes bring small children sing sit outside door long,Negative
service not early check check unsatisfactory service environment within outside hotel not suitable relax mindastaff messy front desk staff not wear shoe sandals water conditioner water heater not work expensive ticket cowboy town not worth,Negative
Air conditioner not work well room tidurflush digunakanpaip toilet not sink leak,Negative
Employees friendly quiet surround lobby condo jugak unattractive gloomy nothing excite,Negative
park problems information available hotel not clearly know relatively seclude location,Negative
quite disappoint door damage maintenance not tell door not open inside imagine fire get lock room change room dangerous,Negative
expect hotel apart pretty comfortable however bite disappoint hotel room small equivalent budget hotels like tune inadequate money spend certainly would not stay,Negative
normal accommodation room small comfortable hotel provide breakfast bite disappoint plain bread noodles available,Negative
park lift phone faulty less friendly hotel workers,Negative
Booths Selesa clean rather small compare price nice hotel dibayarStaff kaunter question wifi mesraNamun disedakan useless Customers need pay use wifiLokasi really buysides adjacent Mydin Roads TAR,Negative
OkBilik comfortable not satisfy breakfast pagiAgak unclutter not much food,Negative
first experience stay Hyatt KK not encourage workers front entrance not friendly inquire park check room not available even though check late room available payment dijelaskanKami family wait half hour hotel provide book room maybe spare room maintenance tap water toilet leak table not clean park limit,Negative
cramp cubicle less good service take family booths not provide towel force request towel shoe basic case hotel need provide hygiene not satisfactory veil blanket pillow smell,Negative
creepy disorder midnight daylight sound furniture drag floor although desert house lack facilities towel toiletories park lot narrow crowd visitors put car glaze recommend friends apt not clean regular clean dusty advantage low price compare place,Negative
poor rude staff room not comfortable even better add little bite money elsewhere rentals,Negative
Poor room quality rusty water turn tap minutes water bright not many light night light burn Cabinet burst collapse hamper closet door,Negative
Beds use bed rack Sore body sleep,Negative
Not fun Dirty unpleasant odors,Negative
Airconditioning not work well disappoint bad sheet uncomfortable,Negative
park access card not use due fluctuations office get park apartment sleep alone close block time back hooker wait extra service,Negative
Cubicles kitchens excessive stink not directly maintain price not berbaloi not encourage stay,Negative
Necessary provide sufficient area train layout visitor convenience,Negative
everything ok except small rat chamber,Negative
Small room light blanket theres lot room nyamukDi not smoke fin RM smoke not notify checkin Services nice default krn workers ask wakeup call not make TGH night want find little difficult drink shop close shop early intrauterine,Negative
